{
  "generated_at_utc": "2026-04-08T14:05:43.159462+00:00",
  "rows": [
    {
      "horizon": 1,
      "eval_rows": 335000,
      "strong_score": 0.2874298370369858,
      "strong_wape": 0.2805163416908952,
      "strong_rbias": 0.0069134953460906,
      "primitive_score": 0.3792784409468389,
      "primitive_wape": 0.3312032310284198,
      "primitive_rbias": 0.048075209918419,
      "ml_score_from_train": 0.1435841708270282,
      "ml_wape": 0.1430716841938039,
      "ml_rbias": 0.0005124866332242,
      "ml_score": 0.1435841708270281,
      "ml_vs_strong_delta_score": -0.14384566620995773,
      "ml_vs_primitive_delta_score": -0.23569427011981078,
      "proxy_rows": 335000,
      "proxy_y_sum": 24454381.0,
      "proxy_wins": 244797,
      "proxy_ties": 5365,
      "proxy_ml_abs_err_sum": 3125673.1881133774,
      "proxy_strong_abs_err_sum": 6859853.496435335,
      "proxy_gap_abs_err_sum": -3734180.3083219575,
      "proxy_loss_abs_sum": 631721.0094460167,
      "proxy_gain_abs_sum": 4365901.317767974,
      "proxy_win_rate": 0.7307373134328358,
      "proxy_tie_rate": 0.01601492537313433,
      "proxy_expected_loss_abs_mean": 1.8857343565552738,
      "proxy_delta_abs_err_mean": -11.146806890513306,
      "proxy_expected_loss_wape_like": 0.02583263135738405
    },
    {
      "horizon": 2,
      "eval_rows": 334000,
      "strong_score": 0.2924554130540412,
      "strong_wape": 0.2855000078181445,
      "strong_rbias": 0.0069554052358967,
      "primitive_score": 0.383493693038603,
      "primitive_wape": 0.3356078080361708,
      "primitive_rbias": 0.0478858850024321,
      "ml_score_from_train": 0.200311345209045,
      "ml_wape": 0.1997342511802311,
      "ml_rbias": 0.0005770940288138,
      "ml_score": 0.2003113452090449,
      "ml_vs_strong_delta_score": -0.09214406784499632,
      "ml_vs_primitive_delta_score": -0.18318234782955808,
      "proxy_rows": 334000,
      "proxy_y_sum": 24385594.0,
      "proxy_wins": 231453,
      "proxy_ties": 5351,
      "proxy_ml_abs_err_sum": 4187425.171965625,
      "proxy_strong_abs_err_sum": 6962087.277650097,
      "proxy_gap_abs_err_sum": -2774662.1056844722,
      "proxy_loss_abs_sum": 748636.6489985194,
      "proxy_gain_abs_sum": 3523298.7546829917,
      "proxy_win_rate": 0.6929730538922155,
      "proxy_tie_rate": 0.016020958083832335,
      "proxy_expected_loss_abs_mean": 2.2414270928099382,
      "proxy_delta_abs_err_mean": -8.307371573905606,
      "proxy_expected_loss_wape_like": 0.030699955432642707
    },
    {
      "horizon": 3,
      "eval_rows": 333000,
      "strong_score": 0.2974117464833977,
      "strong_wape": 0.2904669236300749,
      "strong_rbias": 0.0069448228533227,
      "primitive_score": 0.3887119575592924,
      "primitive_wape": 0.3410571645344017,
      "primitive_rbias": 0.0476547930248907,
      "ml_score_from_train": 0.2399858277021551,
      "ml_wape": 0.2397988281779353,
      "ml_rbias": 0.0001869995242198,
      "ml_score": 0.2399858277021551,
      "ml_vs_strong_delta_score": -0.05742591878124259,
      "ml_vs_primitive_delta_score": -0.1487261298571373,
      "proxy_rows": 333000,
      "proxy_y_sum": 24315146.0,
      "proxy_wins": 215276,
      "proxy_ties": 5339,
      "proxy_ml_abs_err_sum": 5228059.861692948,
      "proxy_strong_abs_err_sum": 7062745.656236121,
      "proxy_gap_abs_err_sum": -1834685.7945431736,
      "proxy_loss_abs_sum": 824063.6868751019,
      "proxy_gain_abs_sum": 2658749.4814182757,
      "proxy_win_rate": 0.6464744744744745,
      "proxy_tie_rate": 0.016033033033033033,
      "proxy_expected_loss_abs_mean": 2.4746657263516574,
      "proxy_delta_abs_err_mean": -5.509566950580101,
      "proxy_expected_loss_wape_like": 0.033890961908067584
    },
    {
      "horizon": 4,
      "eval_rows": 332000,
      "strong_score": 0.3013097814191035,
      "strong_wape": 0.2944104776454283,
      "strong_rbias": 0.0068993037736752,
      "primitive_score": 0.3944589136275092,
      "primitive_wape": 0.3469607097912902,
      "primitive_rbias": 0.0474982038362189,
      "ml_score_from_train": 0.2662640935468389,
      "ml_wape": 0.2661833057447446,
      "ml_rbias": 8.078780209430647e-05,
      "ml_score": 0.2662640935468389,
      "ml_vs_strong_delta_score": -0.035045687872264586,
      "ml_vs_primitive_delta_score": -0.1281948200806703,
      "proxy_rows": 332000,
      "proxy_y_sum": 24241943.0,
      "proxy_wins": 202840,
      "proxy_ties": 5317,
      "proxy_ml_abs_err_sum": 5927177.731396848,
      "proxy_strong_abs_err_sum": 7137082.017683247,
      "proxy_gap_abs_err_sum": -1209904.286286399,
      "proxy_loss_abs_sum": 826820.5901443808,
      "proxy_gain_abs_sum": 2036724.87643078,
      "proxy_win_rate": 0.6109638554216867,
      "proxy_tie_rate": 0.016015060240963854,
      "proxy_expected_loss_abs_mean": 2.490423464290304,
      "proxy_delta_abs_err_mean": -3.6442900189349365,
      "proxy_expected_loss_wape_like": 0.03410702641056374
    },
    {
      "horizon": 5,
      "eval_rows": 331000,
      "strong_score": 0.3037773016476794,
      "strong_wape": 0.2969908672920812,
      "strong_rbias": 0.0067864343555982,
      "primitive_score": 0.3990459689517228,
      "primitive_wape": 0.3517247573957661,
      "primitive_rbias": 0.0473212115559567,
      "ml_score_from_train": 0.2698416958050006,
      "ml_wape": 0.2697354719687409,
      "ml_rbias": 0.0001062238362596,
      "ml_score": 0.2698416958050005,
      "ml_vs_strong_delta_score": -0.033935605842678906,
      "ml_vs_primitive_delta_score": -0.12920427314672228,
      "proxy_rows": 331000,
      "proxy_y_sum": 24167138.0,
      "proxy_wins": 199119,
      "proxy_ties": 5300,
      "proxy_ml_abs_err_sum": 6082303.522600557,
      "proxy_strong_abs_err_sum": 7177419.274587413,
      "proxy_gap_abs_err_sum": -1095115.7519868566,
      "proxy_loss_abs_sum": 832467.2117823252,
      "proxy_gain_abs_sum": 1927582.9637691819,
      "proxy_win_rate": 0.6015679758308157,
      "proxy_tie_rate": 0.016012084592145016,
      "proxy_expected_loss_abs_mean": 2.5150066821218284,
      "proxy_delta_abs_err_mean": -3.3085068035856695,
      "proxy_expected_loss_wape_like": 0.034446247287631876
    },
    {
      "horizon": 6,
      "eval_rows": 330000,
      "strong_score": 0.3055046857260461,
      "strong_wape": 0.2989491110308426,
      "strong_rbias": 0.0065555746952035,
      "primitive_score": 0.4023758058648414,
      "primitive_wape": 0.3553616962667248,
      "primitive_rbias": 0.0470141095981165,
      "ml_score_from_train": 0.271522386096223,
      "ml_wape": 0.2713822283792497,
      "ml_rbias": 0.0001401577169732,
      "ml_score": 0.2715223860962228,
      "ml_vs_strong_delta_score": -0.0339822996298233,
      "ml_vs_primitive_delta_score": -0.13085341976861858,
      "proxy_rows": 330000,
      "proxy_y_sum": 24090268.0,
      "proxy_wins": 197595,
      "proxy_ties": 5218,
      "proxy_ml_abs_err_sum": 6122502.248831799,
      "proxy_strong_abs_err_sum": 7201764.203094756,
      "proxy_gap_abs_err_sum": -1079261.9542629565,
      "proxy_loss_abs_sum": 850851.5057316544,
      "proxy_gain_abs_sum": 1930113.4599946109,
      "proxy_win_rate": 0.5987727272727272,
      "proxy_tie_rate": 0.01581212121212121,
      "proxy_expected_loss_abs_mean": 2.5783378961565284,
      "proxy_delta_abs_err_mean": -3.2704907704938075,
      "proxy_expected_loss_wape_like": 0.035319304282196214
    },
    {
      "horizon": 7,
      "eval_rows": 329000,
      "strong_score": 0.30722767983546,
      "strong_wape": 0.3009432819384994,
      "strong_rbias": 0.0062843978969606,
      "primitive_score": 0.4054191320548234,
      "primitive_wape": 0.3587242371891678,
      "primitive_rbias": 0.0466948948656555,
      "ml_score_from_train": 0.2721358389961046,
      "ml_wape": 0.2720327859221681,
      "ml_rbias": 0.0001030530739365,
      "ml_score": 0.2721358389961046,
      "ml_vs_strong_delta_score": -0.035091840839355404,
      "ml_vs_primitive_delta_score": -0.13328329305871878,